{"content": {"suites": {"0": {"status": {"total_pass": 12, "total_skip": 0, "total_xpass": 0, "total_xfail": 0, "total_rerun": 0, "total_fail": 0, "total_error": 0}, "tests": {"0": {"status": "PASS", "message": "", "test_name": "test_read_csv", "rerun": "0"}, "1": {"status": "PASS", "message": "", "test_name": "test_i_want_to_write_a_step_with_name", "rerun": "0"}, "2": {"status": "PASS", "message": "", "test_name": "test_i_check_for_the_value_in_step", "rerun": "0"}, "3": {"status": "PASS", "message": "", "test_name": "test_i_verify_the_status_in_step", "rerun": "0"}, "4": {"status": "PASS", "message": "", "test_name": "test_designer_is_on_cegame_login_screen", "rerun": "0"}, "5": {"status": "PASS", "message": "", "test_name": "test_verify_ui_elements_of_login_screen_iimb_logo_welcome_corporate_enterpreneurship_simulation_title", "rerun": "0"}, "6": {"status": "PASS", "message": "", "test_name": "test_backgroungimage_url_email_input_password_input_login_button_forgot_password", "rerun": "0"}, "7": {"status": "PASS", "message": "", "test_name": "test_designer_clicks_on_login_button_with_empty_email_and_password", "rerun": "0"}, "8": {"status": "PASS", "message": "", "test_name": "test_designer_should_get_error_message_emailid_is_required_password_is_required", "rerun": "0"}, "9": {"status": "PASS", "message": "", "test_name": "test_designer_enters_valid_email_id", "rerun": "0"}, "10": {"status": "PASS", "message": "", "test_name": "test_designer_clicks_on_login_button_with_valid_email_id_and_password", "rerun": "0"}, "11": {"status": "PASS", "message": "", "test_name": "test_designer_should_navigate_to_cegame_dashboard_screen", "rerun": "0"}}, "suite_name": "test_Login.py"}}}, "date": "April 04, 2023", "start_time": 1680590314.1516807, "total_suite": 1, "status": "PASS", "status_list": {"pass": "12", "fail": "0", "skip": "0", "error": "0", "xpass": "0", "xfail": "0", "rerun": "0"}, "total_tests": "12"}